insert into usr (first_name, middle_name, last_name, email) values
('Иван', 'Иванович', 'Иванов', 'ivanov@my.example.com'),
('Петр', 'Петрович', 'Петров', 'petrov@my.example.com'),
('Иван', 'Петрович', 'Сидоров', 'sidorov@my.example.com'),
('Иван', 'Александрович', 'Пират', 'pirat@my.example.com'),
('Ракислав', 'Антонович', 'Ракитин', 'rakitin@my.example.com'),
('Дмитрий', 'Дмитриевич', 'Мустафаев', 'mustafaev@my.example.com'),
('Даниил', 'Генадьевич', 'Ильин', 'ilin@my.example.com'),
('Стас', 'Суфьянович', 'Мак', 'mac@my.example.com'),
('Виктория', 'Викторовна', 'Пельмень', 'pelmen@my.example.com'),
('Дмитрий', 'Андреевич', 'Двор', 'dvor@my.example.com'),
('Александра', 'Андреевна', 'Шуткина', 'shutkina@my.example.com'),
('Артем', 'Артемович', 'Артемов', 'artemov@my.example.com'),
('Александр', 'Дмитриевич', 'Иванов', 'ivancov@my.example.com'),
('Валерий', 'Олегович', 'Олегов', 'oleg@my.example.com'),
('Василий', 'Владимирович', 'Рукав', 'rukav@my.example.com'),
('Владимир', 'Васильевич', 'Запястьев', 'zapyastiev@my.example.com'),
('Виктор', 'Денисович', 'Зущенко', 'zushenko@my.example.com'),
('Виктория', 'Денисовна', 'Прущенко', 'prushenko@my.example.com'),
('Арам', 'Дмитриевич', 'Григорян', 'grigoryan@my.example.com'),
('Даниил', 'Иванович', 'Григоров', 'grigorov@my.example.com'),
('Николай', 'Олегович', 'Вердык', 'verdik@my.example.com'),
('Никита', 'Сергеевич', 'Корыто', 'korito@my.example.com'),
('Сергей', 'Андреевич', 'Булышев', 'bulishev@my.example.com');
insert into role (name) values
('administrator'),
('editor'),
('user');
insert into permission (name) values
('create'),
('edit'),
('view'),
('delete');
insert into role_permission (role_name, permission_id) values
('administrator','1'),
('administrator','2'),
('administrator','3'),
('administrator','4'),
('editor','2'),
('editor','3'),
('user','3');
insert into usr (first_name, middle_name, last_name, e_mail, phone, birth_date, role_name) values
('Василий','Васильевич','Василенко','vasil@mail.ru','+7(978)706-53-43','2003-02-16 20:11:21','user'),
('Геннадий','Васильевич','Бузяев','gennod@mail.ru','+7(978)708-53-43','2002-03-25 12:11:52','user'),
('Василий','Валерьевич','Стрыкало','strik@mail.ru','+7(978)710-53-43','2004-04-21 11:11:42','user'),
('Антон','Антонович','Гуриев','gura@mail.ru','+7(978)706-12-43','2003-07-27 10:05:33','user'),
('Васиф','Урюмович','Угрюм','vasif@mail.ru','+7(978)706-53-85','1999-08-28 02:03:12','user'),
('Денис','Данилович','Данилов','ddd@mail.ru','+7(978)706-53-23','1999-07-06 22:11:06','user'),
('Мирослав','Мирославович','Славянский','slave@mail.ru','+7(978)716-53-41','1998-04-11 19:11:22','user'),
('Святослав','Дмитриевич','Огр','ogr@mail.ru','+7(978)702-23-40','2001-04-13 23:12:23','user'),
('Ростислав','Андреевич','Устрица','ustrica@mail.ru','+7(978)701-13-13','2002-12-22 00:04:02','user'),
('Олег','Олегович','Стручок','struchok@mail.ru','+7(978)776-56-63','2003-11-21 06:12:26','user');
insert into department (id, name) values
('1','Бизнес-информатика'),
('2','Компьютерная инженерия'),
('3','Менеджмент'),
('4','Туризм'),
('5','Русская литература');
insert into position (id, name) values
('1','Администрация'),
('2','Преподаватель'),
('3','Студент');
insert into groups (id, name, course) values
('1','БИ-б-о 201','2'),
('2','КИ-б-о 202','1'),
('3','М-б-о 201','1'),
('4','Т-б-о 202','4'),
('5','РИ-б-о 201','4');
insert into usr (first_name, middle_name, last_name, e_mail, phone, birth_date, role_name) values
('Буряк','Бурякович','Буряков','buryk@mail.ru','+7(978)792-33-43','2003-03-09 21:11:11','user'),
('Очередняра','Записной','Унылов','ocherednoy@mail.ru','+7(978)721-52-43','2002-04-25 12:12:12','user'),
('Создатель','Десятков','Записной','ten@mail.ru','+7(978)722-82-43','2004-05-11 13:13:13','user'),
('Никита','Валерьевич','Время','time@mail.ru','+7(978)111-11-11','2003-08-25 10:10:10','user'),
('Виталий','Анатольевич','Строгий','strog@mail.ru','+7(978)777-56-66','1999-09-22 09:09:12','user'),
('Харухи','Леонидовна','Судзумия','anime@mail.ru','+7(978)733-11-22','1999-07-04 22:11:16','user'),
('Даниил','Даниилович','Данилевский','tripled@mail.ru','+7(978)723-45-67','1998-10-11 10:21:22','user'),
('Сергей','Сергеевич','Стрыга','monster@mail.ru','+7(978)799-93-90','2001-05-12 23:11:13','user'),
('Геральт','Из','Ривии','vedmak@mail.ru','+7(978)711-10-10','2002-10-20 00:02:02','user'),
('Виктория','Анатольевна','Бойко','devochka@mail.ru','+7(978)701-01-00','2003-11-20 09:12:26','user');
insert into university_member (id, user_id, department_id, position_id) values
('1','34','4','3'),
('2','35','4','3'),
('3','36','5','3'),
('4','37','5','3'),
('5','38','5','3'),
('6','39','5','3'),
('7','40','5','3'),
('8','41','5','3'),
('9','42','5','3'),
('10','43','5','3'),
('11','1','1','1'),
('12','2','2','1'),
('13','3','1','2'),
('14','4','2','2'),
('15','5','3','2'),
('16','6','4','2'),
('17','7','5','2'),
('18','8','1','2'),
('19','9','2','2'),
('20','10','1','3'),
('21','11','1','3'),
('22','12','1','3'),
('23','13','1','3'),
('24','14','1','3'),
('25','15','1','3'),
('26','16','2','3'),
('27','17','2','3'),
('28','18','2','3'),
('29','19','2','3'),
('30','20','2','3'),
('31','21','2','3'),
('32','22','3','3'),
('33','23','3','3'),
('34','24','3','3'),
('35','25','3','3'),
('36','26','3','3'),
('37','27','3','3'),
('38','28','3','3'),
('39','29','4','3'),
('40','30','4','3'),
('41','31','4','3'),
('42','32','4','3'),
('43','33','4','3');
insert into group_member (id, university_member_id, group_id, group_leader) values
('1','1','4','M'),
('2','2','4','M'),
('3','3','5','I'),
('4','4','5','I'),
('5','5','5','I'),
('6','6','5','I'),
('7','7','5','I'),
('8','8','5','I'),
('9','9','5','I'),
('10','10','5','I'),
('11','11','1','V'),
('12','12','2','P'),
('13','13','1','I'),
('14','14','2','I'),
('15','15','3','I'),
('16','16','4','I'),
('17','17','5','P'),
('18','18','1','P'),
('19','19','2','P'),
('20','20','1','S'),
('21','21','1','S'),
('22','22','1','S'),
('23','23','1','S'),
('24','24','1','S'),
('25','25','1','S'),
('26','26','2','A'),
('27','27','2','A'),
('28','28','2','A'),
('29','29','2','A'),
('30','30','2','A'),
('31','31','2','A'),
('32','32','3','R'),
('33','33','3','R'),
('34','34','3','R'),
('35','35','3','R'),
('36','36','3','R'),
('37','37','3','R'),
('38','38','3','R'),
('39','39','4','M'),
('40','40','4','M'),
('41','41','4','M'),
('42','42','4','M'),
('43','43','4','M');